symbol,company,region
VRTX,VRTX,US
REGN,REGN,US
ARGX,ARGX,US
ALNY,ALNY,US
RVMD,RVMD,US
RPRX,RPRX,US
ONC,ONC,US
ROIV,ROIV,US
MRNA,MRNA,US
BNTX,BNTX,US
INSM,INSM,US
INCY,INCY,US
GMAB,GMAB,US
ASND,ASND,US
JAZZ,JAZZ,US
BBIO,BBIO,US
EXEL,EXEL,US
IONS,IONS,US
AXSM,AXSM,US
MDGL,MDGL,US
ARWR,ARWR,US
BMRN,BMRN,US
SMMT,SMMT,US
CYTK,CYTK,US
KRYS,KRYS,US
APGE,APGE,US
NUVL,NUVL,US
TECH,TECH,US
CORT,CORT,US
PRAX,PRAX,US
HALO,HALO,US
KYMR,KYMR,US
IBRX,IBRX,US
PTGX,PTGX,US
IMVT,IMVT,US
PCVX,PCVX,US
ABVX,ABVX,US
TGTX,TGTX,US
SYRE,SYRE,US
RYTM,RYTM,US
MIRM,MIRM,US
PTCT,PTCT,US
COGT,COGT,US
SRRK,SRRK,US
CNTA,CNTA,US
CGON,CGON,US
BLTE,BLTE,US
LGND,LGND,US
LEGN,LEGN,US
XENE,XENE,US
TVTX,TVTX,US
CRSP,CRSP,US
CAI,CAI,US
ORKA,ORKA,US
DNTH,DNTH,US
MANE,MANE,US
CELC,CELC,US
ERAS,ERAS,US
DFTX,DFTX,US
EWTX,EWTX,US
VKTX,VKTX,US
TNGX,TNGX,US
ACAD,ACAD,US
DNLI,DNLI,US
RLAY,RLAY,US
CPRX,CPRX,US
NAMS,NAMS,US
CRNX,CRNX,US
TLX,TLX,US
RCUS,RCUS,US
PBLS,PBLS,US
GPCR,GPCR,US
ARQT,ARQT,US
BEAM,BEAM,US
DYN,DYN,US
IDYA,IDYA,US
ALMS,ALMS,US
QURE,QURE,US
ELVN,ELVN,US
TARS,TARS,US
RARE,RARE,US
VERA,VERA,US
KLRA,KLRA,US
IRON,IRON,US
CLDX,CLDX,US
TRVI,TRVI,US
AUPH,AUPH,US
PHVS,PHVS,US
MBX,MBX,US
KOD,KOD,US
NUVB,NUVB,US
BHVN,BHVN,US
IMNM,IMNM,US
NKTR,NKTR,US
NTLA,NTLA,US
AGIO,AGIO,US
OCUL,OCUL,US
MLYS,MLYS,US
VCEL,VCEL,US
GENB,GENB,US
ZLAB,ZLAB,US
ADMA,ADMA,US
HRMY,HRMY,US
MESO,MESO,US
TSHA,TSHA,US
NRIX,NRIX,US
KARD,KARD,US
PGEN,PGEN,US
VRDN,VRDN,US
RAPP,RAPP,US
LKFT,LKFT,US
STOK,STOK,US
IOVA,IOVA,US
SION,SION,US
PVLA,PVLA,US
ABCL,ABCL,US
TYRA,TYRA,US
ZYME,ZYME,US
SNDX,SNDX,US
SRPT,SRPT,US
GLUE,GLUE,US
INVA,INVA,US
NBTX,NBTX,US
RXRX,RXRX,US
URGN,URGN,US
CAPR,CAPR,US
SLS,SLS,US
ANAB,ANAB,US
BCAX,BCAX,US
GHRS,GHRS,US
VIR,VIR,US
SEPN,SEPN,US
FTRE,FTRE,US
AKTS,AKTS,US
ABSI,ABSI,US
ATAI,ATAI,US
ARDX,ARDX,US
IMCR,IMCR,US
AVBP,AVBP,US
AAPG,AAPG,US
MRVI,MRVI,US
SVRA,SVRA,US
MAZE,MAZE,US
MLTX,MLTX,US
NVAX,NVAX,US
INBX,INBX,US
MPLT,MPLT,US
COAG,COAG,US
ZBIO,ZBIO,US
DMRA,DMRA,US
IMTX,IMTX,US
JBIO,JBIO,US
AVLN,AVLN,US
EYPT,EYPT,US
MNKD,MNKD,US
WVE,WVE,US
CRVS,CRVS,US
CGEM,CGEM,US
XNCR,XNCR,US
MGTX,MGTX,US
SPRY,SPRY,US
SPTX,SPTX,US
AMGN,AMGN,US
GILD,GILD,US
BIIB,BIIB,US
UTHR,UTHR,US
NBIX,NBIX,US
ACLX,ACLX,US
APLS,APLS,US
FOLD,FOLD,US
LQDA,LQDA,US
HCM,HCM,US
SLNO,SLNO,US
BCRX,BCRX,US
DAWN,DAWN,US
GLPG,GLPG,US
AMLX,AMLX,US
KNSA,KNSA,US
ALVO,ALVO,US
VTYX,VTYX,US
SANA,SANA,US
LXRX,LXRX,US
ORIC,ORIC,US
OLMA,OLMA,US
DBVT,DBVT,US
AVTX,AVTX,US
KURA,KURA,US
REPL,REPL,US
PHAR,PHAR,US
SLDB,SLDB,US
DRTS,DRTS,US
JANX,JANX,US
TBPH,TBPH,US
GERN,GERN,US
ODTX,ODTX,US
ABUS,ABUS,US
LBRX,LBRX,US
ANRO,ANRO,US
ANNX,ANNX,US
DSGN,DSGN,US
EVMN,EVMN,US
PHAT,PHAT,US
VOR,VOR,US
AURA,AURA,US
ZVRA,ZVRA,US
OMER,OMER,US
IVA,IVA,US
CLYM,CLYM,US
CTMX,CTMX,US
IMMX,IMMX,US
ALLO,ALLO,US
OCS,OCS,US
RLMD,RLMD,US
CADL,CADL,US
RIGL,RIGL,US
FTH,FTH,US
ACRS,ACRS,US
TENX,TENX,US
CRMD,CRMD,US
DRUG,DRUG,US
SGP,SGP,US
NVCT,NVCT,US
DNA,DNA,US
SLBT,SLBT,US
AGMB,AGMB,US
FDMT,FDMT,US
MNPR,MNPR,US
BBOT,BBOT,US
GYRE,GYRE,US
TRAX,TRAX,US
TECX,TECX,US
ALT,ALT,US
CBIO,CBIO,US
MDXG,MDXG,US
PRME,PRME,US
ACHV,ACHV,US
PROK,PROK,US
XOMA,XOMA,US
EIKN,EIKN,US
KYTX,KYTX,US
RZLT,RZLT,US
ARVN,ARVN,US
RGNX,RGNX,US
ASMB,ASMB,US
OPT,OPT,US
VALN,VALN,US
4519.T,Chugai,ex-US
UCB.BR,UCB,ex-US
3692.HK,Hansoh,ex-US
068270.KS,Celltrion,ex-US
1801.HK,Innovent,ex-US
SOBI.ST,Sobi,ex-US
600276.SS,Hengrui,ex-US
688506.SS,Biokin,ex-US
9926.HK,Akeso,ex-US
196170.KQ,Alteogen,ex-US
6446.TW,PharmaEssentia,ex-US
CSL.AX,CSL,ex-US
1093.HK,CSPC,ex-US
4151.T,KyowaKirin,ex-US
688578.SS,Allist,ex-US
GRF.MC,Grifols,ex-US
6919.TWO,Caliway,ex-US
300122.SZ,Zhifei,ex-US
000100.KS,Yuhan,ex-US
ZEAL.CO,Zealand,ex-US
BIOA-B.ST,BioArctic,ex-US
BAVA.CO,BavarianNordic,ex-US
PHM.MC,PharmaMar,ex-US
NEU.AX,Neuren,ex-US
KURN.SW,Kuros,ex-US
IDIA.SW,Idorsia,ex-US
4587.T,PeptiDream,ex-US
AGY.L,AllergyTherapeutics,ex-US
BSLN.SW,Basilea,ex-US
4565.T,NxeraPharma,ex-US
ALKS,Alkermes plc,US
SUPN,Supernus Pharmaceuticals,US
HROW,"Harrow, Inc.",US
COLL,Collegium Pharmaceutical,US
PCRX,Pacira BioSciences,US
AMPH,Amphastar Pharmaceuticals,US
ESPR,Esperion Therapeutics,US
IRWD,Ironwood Pharmaceuticals,US
